,Unnamed: 0,stmt,exec-time,resp,record-id,logical-query,test-query-nr,mean-exec-time,std-exec-time
0,0,"EXPLAIN (ANALYZE, FORMAT JSON)
SELECT count(*) FROM category as category
JOIN subcategory as subcategory
ON subcategory.category_id = category.id
JOIN product as product
ON product.subcategory_id = subcategory.id
JOIN order_details as order_details
ON order_details.product_id = product.id
JOIN ""order"" as ""order""
ON ""order"".id = order_details.order_id
JOIN deliverer as deliverer
ON deliverer.id = ""order"".deliverer_id;",82602.99799999999,"[{""Plan"": {""Node Type"": ""Aggregate"", ""Strategy"": ""Plain"", ""Partial Mode"": ""Finalize"", ""Parallel Aware"": false, ""Startup Cost"": 2111853.21, ""Total Cost"": 2111853.22, ""Plan Rows"": 1, ""Plan Width"": 8, ""Actual Startup Time"": 79608.828, ""Actual Total Time"": 82602.998, ""Actual Rows"": 1, ""Actual Loops"": 1, ""Plans"": [{""Node Type"": ""Gather"", ""Parent Relationship"": ""Outer"", ""Parallel Aware"": false, ""Startup Cost"": 2111852.99, ""Total Cost"": 2111853.2, ""Plan Rows"": 2, ""Plan Width"": 8, ""Actual Startup Time"": 79603.241, ""Actual Total Time"": 82602.953, ""Actual Rows"": 3, ""Actual Loops"": 1, ""Workers Planned"": 2, ""Workers Launched"": 2, ""Single Copy"": false, ""Plans"": [{""Node Type"": ""Aggregate"", ""Strategy"": ""Plain"", ""Partial Mode"": ""Partial"", ""Parent Relationship"": ""Outer"", ""Parallel Aware"": false, ""Startup Cost"": 2110852.99, ""Total Cost"": 2110853.0, ""Plan Rows"": 1, ""Plan Width"": 8, ""Actual Startup Time"": 79506.444, ""Actual Total Time"": 79506.499, ""Actual Rows"": 1, ""Actual Loops"": 3, ""Workers"": [], ""Plans"": [{""Node Type"": ""Hash Join"", ""Parent Relationship"": ""Outer"", ""Parallel Aware"": false, ""Join Type"": ""Inner"", ""Startup Cost"": 418481.09, ""Total Cost"": 2048352.99, ""Plan Rows"": 25000000, ""Plan Width"": 0, ""Actual Startup Time"": 62907.542, ""Actual Total Time"": 78216.804, ""Actual Rows"": 20000000, ""Actual Loops"": 3, ""Inner Unique"": true, ""Hash Cond"": ""(\""order\"".deliverer_id = deliverer.id)"", ""Workers"": [], ""Plans"": [{""Node Type"": ""Hash Join"", ""Parent Relationship"": ""Outer"", ""Parallel Aware"": true, ""Join Type"": ""Inner"", ""Startup Cost"": 418480.0, ""Total Cost"": 1913195.65, ""Plan Rows"": 25000000, ""Plan Width"": 8, ""Actual Startup Time"": 62906.47, ""Actual Total Time"": 73555.306, ""Actual Rows"": 20000000, ""Actual Loops"": 3, ""Inner Unique"": true, ""Hash Cond"": ""(order_details.order_id = \""order\"".id)"", ""Workers"": [], ""Plans"": [{""Node Type"": ""Hash Join"", ""Parent Relationship"": ""Outer"", ""Parallel Aware"": false, ""Join Type"": ""Inner"", ""Startup Cost"": 23622.0, ""Total Cost"": 1216707.65, ""Plan Rows"": 25000000, ""Plan Width"": 8, ""Actual Startup Time"": 14356.981, ""Actual Total Time"": 44433.182, ""Actual Rows"": 20000000, ""Actual Loops"": 3, ""Inner Unique"": true, ""Hash Cond"": ""(subcategory.category_id = category.id)"", ""Workers"": [], ""Plans"": [{""Node Type"": ""Hash Join"", ""Parent Relationship"": ""Outer"", ""Parallel Aware"": false, ""Join Type"": ""Inner"", ""Startup Cost"": 23313.0, ""Total Cost"": 1150745.83, ""Plan Rows"": 25000000, ""Plan Width"": 16, ""Actual Startup Time"": 14351.244, ""Actual Total Time"": 37264.108, ""Actual Rows"": 20000000, ""Actual Loops"": 3, ""Inner Unique"": true, ""Hash Cond"": ""(product.subcategory_id = subcategory.id)"", ""Workers"": [], ""Plans"": [{""Node Type"": ""Hash Join"", ""Parent Relationship"": ""Outer"", ""Parallel Aware"": true, ""Join Type"": ""Inner"", ""Startup Cost"": 21720.0, ""Total Cost"": 1083522.27, ""Plan Rows"": 25000000, ""Plan Width"": 16, ""Actual Startup Time"": 14316.357, ""Actual Total Time"": 27412.513, ""Actual Rows"": 20000000, ""Actual Loops"": 3, ""Inner Unique"": true, ""Hash Cond"": ""(order_details.product_id = product.id)"", ""Workers"": [], ""Plans"": [{""Node Type"": ""Seq Scan"", ""Parent Relationship"": ""Outer"", ""Parallel Aware"": true, ""Relation Name"": ""order_details"", ""Alias"": ""order_details"", ""Startup Cost"": 0.0, ""Total Cost"": 750000.0, ""Plan Rows"": 25000000, ""Plan Width"": 16, ""Actual Startup Time"": 1.016, ""Actual Total Time"": 6736.837, ""Actual Rows"": 20000000, ""Actual Loops"": 3, ""Workers"": []}, {""Node Type"": ""Hash"", ""Parent Relationship"": ""Inner"", ""Parallel Aware"": true, ""Startup Cost"": 14476.67, ""Total Cost"": 14476.67, ""Plan Rows"": 416667, ""Plan Width"": 16, ""Actual Startup Time"": 270.489, ""Actual Total Time"": 270.491, ""Actual Rows"": 333333, ""Actual Loops"": 3, ""Hash Buckets"": 131072, ""Original Hash Buckets"": 131072, ""Hash Batches"": 16, ""Original Hash Batches"": 16, ""Peak Memory Usage"": 4000, ""Workers"": [], ""Plans"": [{""Node Type"": ""Seq Scan"", ""Parent Relationship"": ""Outer"", ""Parallel Aware"": true, ""Relation Name"": ""product"", ""Alias"": ""product"", ""Startup Cost"": 0.0, ""Total Cost"": 14476.67, ""Plan Rows"": 416667, ""Plan Width"": 16, ""Actual Startup Time"": 0.998, ""Actual Total Time"": 127.642, ""Actual Rows"": 333333, ""Actual Loops"": 3, ""Workers"": []}]}]}, {""Node Type"": ""Hash"", ""Parent Relationship"": ""Inner"", ""Parallel Aware"": false, ""Startup Cost"": 968.0, ""Total Cost"": 968.0, ""Plan Rows"": 50000, ""Plan Width"": 16, ""Actual Startup Time"": 33.994, ""Actual Total Time"": 33.995, ""Actual Rows"": 50000, ""Actual Loops"": 3, ""Hash Buckets"": 65536, ""Original Hash Buckets"": 65536, ""Hash Batches"": 1, ""Original Hash Batches"": 1, ""Peak Memory Usage"": 2856, ""Workers"": [], ""Plans"": [{""Node Type"": ""Seq Scan"", ""Parent Relationship"": ""Outer"", ""Parallel Aware"": false, ""Relation Name"": ""subcategory"", ""Alias"": ""subcategory"", ""Startup Cost"": 0.0, ""Total Cost"": 968.0, ""Plan Rows"": 50000, ""Plan Width"": 16, ""Actual Startup Time"": 0.519, ""Actual Total Time"": 18.369, ""Actual Rows"": 50000, ""Actual Loops"": 3, ""Workers"": []}]}]}, {""Node Type"": ""Hash"", ""Parent Relationship"": ""Inner"", ""Parallel Aware"": false, ""Startup Cost"": 184.0, ""Total Cost"": 184.0, ""Plan Rows"": 10000, ""Plan Width"": 8, ""Actual Startup Time"": 5.522, ""Actual Total Time"": 5.524, ""Actual Rows"": 10000, ""Actual Loops"": 3, ""Hash Buckets"": 16384, ""Original Hash Buckets"": 16384, ""Hash Batches"": 1, ""Original Hash Batches"": 1, ""Peak Memory Usage"": 519, ""Workers"": [], ""Plans"": [{""Node Type"": ""Seq Scan"", ""Parent Relationship"": ""Outer"", ""Parallel Aware"": false, ""Relation Name"": ""category"", ""Alias"": ""category"", ""Startup Cost"": 0.0, ""Total Cost"": 184.0, ""Plan Rows"": 10000, ""Plan Width"": 8, ""Actual Startup Time"": 0.866, ""Actual Total Time"": 2.968, ""Actual Rows"": 10000, ""Actual Loops"": 3, ""Workers"": []}]}]}, {""Node Type"": ""Hash"", ""Parent Relationship"": ""Inner"", ""Parallel Aware"": true, ""Startup Cost"": 250000.33, ""Total Cost"": 250000.33, ""Plan Rows"": 8333333, ""Plan Width"": 16, ""Actual Startup Time"": 7110.668, ""Actual Total Time"": 7110.668, ""Actual Rows"": 6666667, ""Actual Loops"": 3, ""Hash Buckets"": 131072, ""Original Hash Buckets"": 131072, ""Hash Batches"": 512, ""Original Hash Batches"": 512, ""Peak Memory Usage"": 2912, ""Workers"": [], ""Plans"": [{""Node Type"": ""Seq Scan"", ""Parent Relationship"": ""Outer"", ""Parallel Aware"": true, ""Relation Name"": ""order"", ""Alias"": ""order"", ""Startup Cost"": 0.0, ""Total Cost"": 250000.33, ""Plan Rows"": 8333333, ""Plan Width"": 16, ""Actual Startup Time"": 0.828, ""Actual Total Time"": 2664.917, ""Actual Rows"": 6666667, ""Actual Loops"": 3, ""Workers"": []}]}]}, {""Node Type"": ""Hash"", ""Parent Relationship"": ""Inner"", ""Parallel Aware"": false, ""Startup Cost"": 1.04, ""Total Cost"": 1.04, ""Plan Rows"": 4, ""Plan Width"": 8, ""Actual Startup Time"": 0.736, ""Actual Total Time"": 0.737, ""Actual Rows"": 4, ""Actual Loops"": 3, ""Hash Buckets"": 1024, ""Original Hash Buckets"": 1024, ""Hash Batches"": 1, ""Original Hash Batches"": 1, ""Peak Memory Usage"": 9, ""Workers"": [], ""Plans"": [{""Node Type"": ""Seq Scan"", ""Parent Relationship"": ""Outer"", ""Parallel Aware"": false, ""Relation Name"": ""deliverer"", ""Alias"": ""deliverer"", ""Startup Cost"": 0.0, ""Total Cost"": 1.04, ""Plan Rows"": 4, ""Plan Width"": 8, ""Actual Startup Time"": 0.691, ""Actual Total Time"": 0.694, ""Actual Rows"": 4, ""Actual Loops"": 3, ""Workers"": []}]}]}]}]}]}, ""Planning Time"": 25.617, ""Triggers"": [], ""Execution Time"": 82604.791}]",0,"['category', 'order_details', 'product', 'subcategory', 'order', 'deliverer']",0,86158.74533333334,3117.3716260826814
1,1,"EXPLAIN (ANALYZE, FORMAT JSON)
SELECT count(*) FROM order_details as order_details
JOIN ""order"" as ""order""
ON ""order"".id = order_details.order_id
JOIN customer as customer
ON customer.id = ""order"".customer_id
JOIN deliverer as deliverer
ON deliverer.id = ""order"".deliverer_id
JOIN discount as discount
ON discount.id = ""order"".discount_id
JOIN product as product
ON product.id = order_details.product_id
JOIN subcategory as subcategory
ON subcategory.id = product.subcategory_id;",99974.54800000001,"[{""Plan"": {""Node Type"": ""Aggregate"", ""Strategy"": ""Plain"", ""Partial Mode"": ""Finalize"", ""Parallel Aware"": false, ""Startup Cost"": 2510275.0, ""Total Cost"": 2510275.01, ""Plan Rows"": 1, ""Plan Width"": 8, ""Actual Startup Time"": 96266.918, ""Actual Total Time"": 99974.548, ""Actual Rows"": 1, ""Actual Loops"": 1, ""Plans"": [{""Node Type"": ""Gather"", ""Parent Relationship"": ""Outer"", ""Parallel Aware"": false, ""Startup Cost"": 2510274.79, ""Total Cost"": 2510275.0, ""Plan Rows"": 2, ""Plan Width"": 8, ""Actual Startup Time"": 96264.16, ""Actual Total Time"": 99974.537, ""Actual Rows"": 3, ""Actual Loops"": 1, ""Workers Planned"": 2, ""Workers Launched"": 2, ""Single Copy"": false, ""Plans"": [{""Node Type"": ""Aggregate"", ""Strategy"": ""Plain"", ""Partial Mode"": ""Partial"", ""Parent Relationship"": ""Outer"", ""Parallel Aware"": false, ""Startup Cost"": 2509274.79, ""Total Cost"": 2509274.8, ""Plan Rows"": 1, ""Plan Width"": 8, ""Actual Startup Time"": 96207.17, ""Actual Total Time"": 96207.326, ""Actual Rows"": 1, ""Actual Loops"": 3, ""Workers"": [], ""Plans"": [{""Node Type"": ""Hash Join"", ""Parent Relationship"": ""Outer"", ""Parallel Aware"": true, ""Join Type"": ""Inner"", ""Startup Cost"": 531020.39, ""Total Cost"": 2446774.79, ""Plan Rows"": 25000000, ""Plan Width"": 0, ""Actual Startup Time"": 87462.391, ""Actual Total Time"": 94960.964, ""Actual Rows"": 20000000, ""Actual Loops"": 3, ""Inner Unique"": true, ""Hash Cond"": ""(\""order\"".customer_id = customer.id)"", ""Workers"": [], ""Plans"": [{""Node Type"": ""Hash Join"", ""Parent Relationship"": ""Outer"", ""Parallel Aware"": false, ""Join Type"": ""Inner"", ""Startup Cost"": 434339.4, ""Total Cost"": 2081015.74, ""Plan Rows"": 25000000, ""Plan Width"": 8, ""Actual Startup Time"": 53331.898, ""Actual Total Time"": 78093.485, ""Actual Rows"": 20000000, ""Actual Loops"": 3, ""Inner Unique"": true, ""Hash Cond"": ""(\""order\"".discount_id = discount.id)"", ""Workers"": [], ""Plans"": [{""Node Type"": ""Hash Join"", ""Parent Relationship"": ""Outer"", ""Parallel Aware"": false, ""Join Type"": ""Inner"", ""Startup Cost"": 434323.15, ""Total Cost"": 2014818.24, ""Plan Rows"": 25000000, ""Plan Width"": 16, ""Actual Startup Time"": 53330.585, ""Actual Total Time"": 72504.718, ""Actual Rows"": 20000000, ""Actual Loops"": 3, ""Inner Unique"": true, ""Hash Cond"": ""(\""order\"".deliverer_id = deliverer.id)"", ""Workers"": [], ""Plans"": [{""Node Type"": ""Hash Join"", ""Parent Relationship"": ""Outer"", ""Parallel Aware"": true, ""Join Type"": ""Inner"", ""Startup Cost"": 434322.06, ""Total Cost"": 1879660.9, ""Plan Rows"": 25000000, ""Plan Width"": 24, ""Actual Startup Time"": 53330.053, ""Actual Total Time"": 67309.587, ""Actual Rows"": 20000000, ""Actual Loops"": 3, ""Inner Unique"": true, ""Hash Cond"": ""(order_details.order_id = \""order\"".id)"", ""Workers"": [], ""Plans"": [{""Node Type"": ""Hash Join"", ""Parent Relationship"": ""Outer"", ""Parallel Aware"": true, ""Join Type"": ""Inner"", ""Startup Cost"": 23188.06, ""Total Cost"": 1150620.89, ""Plan Rows"": 25000000, ""Plan Width"": 8, ""Actual Startup Time"": 12645.593, ""Actual Total Time"": 35452.518, ""Actual Rows"": 20000000, ""Actual Loops"": 3, ""Inner Unique"": true, ""Hash Cond"": ""(product.subcategory_id = subcategory.id)"", ""Workers"": [], ""Plans"": [{""Node Type"": ""Hash Join"", ""Parent Relationship"": ""Outer"", ""Parallel Aware"": true, ""Join Type"": ""Inner"", ""Startup Cost"": 21720.0, ""Total Cost"": 1083522.27, ""Plan Rows"": 25000000, ""Plan Width"": 16, ""Actual Startup Time"": 12632.288, ""Actual Total Time"": 25753.835, ""Actual Rows"": 20000000, ""Actual Loops"": 3, ""Inner Unique"": true, ""Hash Cond"": ""(order_details.product_id = product.id)"", ""Workers"": [], ""Plans"": [{""Node Type"": ""Seq Scan"", ""Parent Relationship"": ""Outer"", ""Parallel Aware"": true, ""Relation Name"": ""order_details"", ""Alias"": ""order_details"", ""Startup Cost"": 0.0, ""Total Cost"": 750000.0, ""Plan Rows"": 25000000, ""Plan Width"": 16, ""Actual Startup Time"": 1.037, ""Actual Total Time"": 6302.029, ""Actual Rows"": 20000000, ""Actual Loops"": 3, ""Workers"": []}, {""Node Type"": ""Hash"", ""Parent Relationship"": ""Inner"", ""Parallel Aware"": true, ""Startup Cost"": 14476.67, ""Total Cost"": 14476.67, ""Plan Rows"": 416667, ""Plan Width"": 16, ""Actual Startup Time"": 299.908, ""Actual Total Time"": 299.91, ""Actual Rows"": 333333, ""Actual Loops"": 3, ""Hash Buckets"": 131072, ""Original Hash Buckets"": 131072, ""Hash Batches"": 16, ""Original Hash Batches"": 16, ""Peak Memory Usage"": 4000, ""Workers"": [], ""Plans"": [{""Node Type"": ""Seq Scan"", ""Parent Relationship"": ""Outer"", ""Parallel Aware"": true, ""Relation Name"": ""product"", ""Alias"": ""product"", ""Startup Cost"": 0.0, ""Total Cost"": 14476.67, ""Plan Rows"": 416667, ""Plan Width"": 16, ""Actual Startup Time"": 0.847, ""Actual Total Time"": 151.627, ""Actual Rows"": 333333, ""Actual Loops"": 3, ""Workers"": []}]}]}, {""Node Type"": ""Hash"", ""Parent Relationship"": ""Inner"", ""Parallel Aware"": true, ""Startup Cost"": 1100.41, ""Total Cost"": 1100.41, ""Plan Rows"": 29412, ""Plan Width"": 8, ""Actual Startup Time"": 13.053, ""Actual Total Time"": 13.054, ""Actual Rows"": 16667, ""Actual Loops"": 3, ""Hash Buckets"": 65536, ""Original Hash Buckets"": 65536, ""Hash Batches"": 1, ""Original Hash Batches"": 1, ""Peak Memory Usage"": 2496, ""Workers"": [], ""Plans"": [{""Node Type"": ""Index Only Scan"", ""Parent Relationship"": ""Outer"", ""Parallel Aware"": true, ""Scan Direction"": ""Forward"", ""Index Name"": ""subcategory_pkey"", ""Relation Name"": ""subcategory"", ""Alias"": ""subcategory"", ""Startup Cost"": 0.29, ""Total Cost"": 1100.41, ""Plan Rows"": 29412, ""Plan Width"": 8, ""Actual Startup Time"": 0.974, ""Actual Total Time"": 7.351, ""Actual Rows"": 16667, ""Actual Loops"": 3, ""Heap Fetches"": 0, ""Workers"": []}]}]}, {""Node Type"": ""Hash"", ""Parent Relationship"": ""Inner"", ""Parallel Aware"": true, ""Startup Cost"": 250000.33, ""Total Cost"": 250000.33, ""Plan Rows"": 8333333, ""Plan Width"": 32, ""Actual Startup Time"": 7716.944, ""Actual Total Time"": 7716.948, ""Actual Rows"": 6666667, ""Actual Loops"": 3, ""Hash Buckets"": 65536, ""Original Hash Buckets"": 65536, ""Hash Batches"": 512, ""Original Hash Batches"": 512, ""Peak Memory Usage"": 3008, ""Workers"": [], ""Plans"": [{""Node Type"": ""Seq Scan"", ""Parent Relationship"": ""Outer"", ""Parallel Aware"": true, ""Relation Name"": ""order"", ""Alias"": ""order"", ""Startup Cost"": 0.0, ""Total Cost"": 250000.33, ""Plan Rows"": 8333333, ""Plan Width"": 32, ""Actual Startup Time"": 1.674, ""Actual Total Time"": 2917.061, ""Actual Rows"": 6666667, ""Actual Loops"": 3, ""Workers"": []}]}]}, {""Node Type"": ""Hash"", ""Parent Relationship"": ""Inner"", ""Parallel Aware"": false, ""Startup Cost"": 1.04, ""Total Cost"": 1.04, ""Plan Rows"": 4, ""Plan Width"": 8, ""Actual Startup Time"": 0.487, ""Actual Total Time"": 0.488, ""Actual Rows"": 4, ""Actual Loops"": 3, ""Hash Buckets"": 1024, ""Original Hash Buckets"": 1024, ""Hash Batches"": 1, ""Original Hash Batches"": 1, ""Peak Memory Usage"": 9, ""Workers"": [], ""Plans"": [{""Node Type"": ""Seq Scan"", ""Parent Relationship"": ""Outer"", ""Parallel Aware"": false, ""Relation Name"": ""deliverer"", ""Alias"": ""deliverer"", ""Startup Cost"": 0.0, ""Total Cost"": 1.04, ""Plan Rows"": 4, ""Plan Width"": 8, ""Actual Startup Time"": 0.473, ""Actual Total Time"": 0.475, ""Actual Rows"": 4, ""Actual Loops"": 3, ""Workers"": []}]}]}, {""Node Type"": ""Hash"", ""Parent Relationship"": ""Inner"", ""Parallel Aware"": false, ""Startup Cost"": 10.0, ""Total Cost"": 10.0, ""Plan Rows"": 500, ""Plan Width"": 8, ""Actual Startup Time"": 1.256, ""Actual Total Time"": 1.257, ""Actual Rows"": 500, ""Actual Loops"": 3, ""Hash Buckets"": 1024, ""Original Hash Buckets"": 1024, ""Hash Batches"": 1, ""Original Hash Batches"": 1, ""Peak Memory Usage"": 28, ""Workers"": [], ""Plans"": [{""Node Type"": ""Seq Scan"", ""Parent Relationship"": ""Outer"", ""Parallel Aware"": false, ""Relation Name"": ""discount"", ""Alias"": ""discount"", ""Startup Cost"": 0.0, ""Total Cost"": 10.0, ""Plan Rows"": 500, ""Plan Width"": 8, ""Actual Startup Time"": 0.831, ""Actual Total Time"": 1.038, ""Actual Rows"": 500, ""Actual Loops"": 3, ""Workers"": []}]}]}, {""Node Type"": ""Hash"", ""Parent Relationship"": ""Inner"", ""Parallel Aware"": true, ""Startup Cost"": 62500.33, ""Total Cost"": 62500.33, ""Plan Rows"": 2083333, ""Plan Width"": 8, ""Actual Startup Time"": 1428.445, ""Actual Total Time"": 1428.446, ""Actual Rows"": 1666667, ""Actual Loops"": 3, ""Hash Buckets"": 131072, ""Original Hash Buckets"": 131072, ""Hash Batches"": 128, ""Original Hash Batches"": 128, ""Peak Memory Usage"": 2592, ""Workers"": [], ""Plans"": [{""Node Type"": ""Seq Scan"", ""Parent Relationship"": ""Outer"", ""Parallel Aware"": true, ""Relation Name"": ""customer"", ""Alias"": ""customer"", ""Startup Cost"": 0.0, ""Total Cost"": 62500.33, ""Plan Rows"": 2083333, ""Plan Width"": 8, ""Actual Startup Time"": 0.797, ""Actual Total Time"": 678.57, ""Actual Rows"": 1666667, ""Actual Loops"": 3, ""Workers"": []}]}]}]}]}]}, ""Planning Time"": 11.927, ""Triggers"": [], ""Execution Time"": 99975.262}]",1,"['order_details', 'product', 'subcategory', 'customer', 'order', 'deliverer', 'discount']",1,98206.029,1531.717390138604
2,2,"EXPLAIN (ANALYZE, FORMAT JSON)
SELECT count(*) FROM order_details as order_details
JOIN ""order"" as ""order""
ON ""order"".id = order_details.order_id
JOIN deliverer as deliverer
ON deliverer.id = ""order"".deliverer_id
JOIN product as product
ON product.id = order_details.product_id
JOIN subcategory as subcategory
ON subcategory.id = product.subcategory_id;",74826.231,"[{""Plan"": {""Node Type"": ""Aggregate"", ""Strategy"": ""Plain"", ""Partial Mode"": ""Finalize"", ""Parallel Aware"": false, ""Startup Cost"": 2045766.45, ""Total Cost"": 2045766.46, ""Plan Rows"": 1, ""Plan Width"": 8, ""Actual Startup Time"": 72057.842, ""Actual Total Time"": 74826.231, ""Actual Rows"": 1, ""Actual Loops"": 1, ""Plans"": [{""Node Type"": ""Gather"", ""Parent Relationship"": ""Outer"", ""Parallel Aware"": false, ""Startup Cost"": 2045766.24, ""Total Cost"": 2045766.45, ""Plan Rows"": 2, ""Plan Width"": 8, ""Actual Startup Time"": 72054.674, ""Actual Total Time"": 74826.22, ""Actual Rows"": 3, ""Actual Loops"": 1, ""Workers Planned"": 2, ""Workers Launched"": 2, ""Single Copy"": false, ""Plans"": [{""Node Type"": ""Aggregate"", ""Strategy"": ""Plain"", ""Partial Mode"": ""Partial"", ""Parent Relationship"": ""Outer"", ""Parallel Aware"": false, ""Startup Cost"": 2044766.24, ""Total Cost"": 2044766.25, ""Plan Rows"": 1, ""Plan Width"": 8, ""Actual Startup Time"": 71969.139, ""Actual Total Time"": 71969.404, ""Actual Rows"": 1, ""Actual Loops"": 3, ""Workers"": [], ""Plans"": [{""Node Type"": ""Hash Join"", ""Parent Relationship"": ""Outer"", ""Parallel Aware"": true, ""Join Type"": ""Inner"", ""Startup Cost"": 418047.15, ""Total Cost"": 1982266.24, ""Plan Rows"": 25000000, ""Plan Width"": 0, ""Actual Startup Time"": 52551.815, ""Actual Total Time"": 70693.938, ""Actual Rows"": 20000000, ""Actual Loops"": 3, ""Inner Unique"": true, ""Hash Cond"": ""(product.subcategory_id = subcategory.id)"", ""Workers"": [], ""Plans"": [{""Node Type"": ""Hash Join"", ""Parent Relationship"": ""Outer"", ""Parallel Aware"": true, ""Join Type"": ""Inner"", ""Startup Cost"": 416579.09, ""Total Cost"": 1915167.62, ""Plan Rows"": 25000000, ""Plan Width"": 8, ""Actual Startup Time"": 52542.76, ""Actual Total Time"": 62688.682, ""Actual Rows"": 20000000, ""Actual Loops"": 3, ""Inner Unique"": true, ""Hash Cond"": ""(order_details.product_id = product.id)"", ""Workers"": [], ""Plans"": [{""Node Type"": ""Hash Join"", ""Parent Relationship"": ""Outer"", ""Parallel Aware"": false, ""Join Type"": ""Inner"", ""Startup Cost"": 394859.09, ""Total Cost"": 1630473.35, ""Plan Rows"": 25000000, ""Plan Width"": 8, ""Actual Startup Time"": 28429.53, ""Actual Total Time"": 46928.119, ""Actual Rows"": 20000000, ""Actual Loops"": 3, ""Inner Unique"": true, ""Hash Cond"": ""(\""order\"".deliverer_id = deliverer.id)"", ""Workers"": [], ""Plans"": [{""Node Type"": ""Hash Join"", ""Parent Relationship"": ""Outer"", ""Parallel Aware"": true, ""Join Type"": ""Inner"", ""Startup Cost"": 394858.0, ""Total Cost"": 1495316.01, ""Plan Rows"": 25000000, ""Plan Width"": 16, ""Actual Startup Time"": 28428.7, ""Actual Total Time"": 41868.031, ""Actual Rows"": 20000000, ""Actual Loops"": 3, ""Inner Unique"": true, ""Hash Cond"": ""(order_details.order_id = \""order\"".id)"", ""Workers"": [], ""Plans"": [{""Node Type"": ""Seq Scan"", ""Parent Relationship"": ""Outer"", ""Parallel Aware"": true, ""Relation Name"": ""order_details"", ""Alias"": ""order_details"", ""Startup Cost"": 0.0, ""Total Cost"": 750000.0, ""Plan Rows"": 25000000, ""Plan Width"": 16, ""Actual Startup Time"": 1.086, ""Actual Total Time"": 10097.095, ""Actual Rows"": 20000000, ""Actual Loops"": 3, ""Workers"": []}, {""Node Type"": ""Hash"", ""Parent Relationship"": ""Inner"", ""Parallel Aware"": true, ""Startup Cost"": 250000.33, ""Total Cost"": 250000.33, ""Plan Rows"": 8333333, ""Plan Width"": 16, ""Actual Startup Time"": 7687.847, ""Actual Total Time"": 7687.849, ""Actual Rows"": 6666667, ""Actual Loops"": 3, ""Hash Buckets"": 131072, ""Original Hash Buckets"": 131072, ""Hash Batches"": 512, ""Original Hash Batches"": 512, ""Peak Memory Usage"": 2912, ""Workers"": [], ""Plans"": [{""Node Type"": ""Seq Scan"", ""Parent Relationship"": ""Outer"", ""Parallel Aware"": true, ""Relation Name"": ""order"", ""Alias"": ""order"", ""Startup Cost"": 0.0, ""Total Cost"": 250000.33, ""Plan Rows"": 8333333, ""Plan Width"": 16, ""Actual Startup Time"": 0.813, ""Actual Total Time"": 3319.615, ""Actual Rows"": 6666667, ""Actual Loops"": 3, ""Workers"": []}]}]}, {""Node Type"": ""Hash"", ""Parent Relationship"": ""Inner"", ""Parallel Aware"": false, ""Startup Cost"": 1.04, ""Total Cost"": 1.04, ""Plan Rows"": 4, ""Plan Width"": 8, ""Actual Startup Time"": 0.788, ""Actual Total Time"": 0.789, ""Actual Rows"": 4, ""Actual Loops"": 3, ""Hash Buckets"": 1024, ""Original Hash Buckets"": 1024, ""Hash Batches"": 1, ""Original Hash Batches"": 1, ""Peak Memory Usage"": 9, ""Workers"": [], ""Plans"": [{""Node Type"": ""Seq Scan"", ""Parent Relationship"": ""Outer"", ""Parallel Aware"": false, ""Relation Name"": ""deliverer"", ""Alias"": ""deliverer"", ""Startup Cost"": 0.0, ""Total Cost"": 1.04, ""Plan Rows"": 4, ""Plan Width"": 8, ""Actual Startup Time"": 0.778, ""Actual Total Time"": 0.78, ""Actual Rows"": 4, ""Actual Loops"": 3, ""Workers"": []}]}]}, {""Node Type"": ""Hash"", ""Parent Relationship"": ""Inner"", ""Parallel Aware"": true, ""Startup Cost"": 14476.67, ""Total Cost"": 14476.67, ""Plan Rows"": 416667, ""Plan Width"": 16, ""Actual Startup Time"": 300.98, ""Actual Total Time"": 300.981, ""Actual Rows"": 333333, ""Actual Loops"": 3, ""Hash Buckets"": 131072, ""Original Hash Buckets"": 131072, ""Hash Batches"": 16, ""Original Hash Batches"": 16, ""Peak Memory Usage"": 4000, ""Workers"": [], ""Plans"": [{""Node Type"": ""Seq Scan"", ""Parent Relationship"": ""Outer"", ""Parallel Aware"": true, ""Relation Name"": ""product"", ""Alias"": ""product"", ""Startup Cost"": 0.0, ""Total Cost"": 14476.67, ""Plan Rows"": 416667, ""Plan Width"": 16, ""Actual Startup Time"": 0.634, ""Actual Total Time"": 161.72, ""Actual Rows"": 333333, ""Actual Loops"": 3, ""Workers"": []}]}]}, {""Node Type"": ""Hash"", ""Parent Relationship"": ""Inner"", ""Parallel Aware"": true, ""Startup Cost"": 1100.41, ""Total Cost"": 1100.41, ""Plan Rows"": 29412, ""Plan Width"": 8, ""Actual Startup Time"": 8.57, ""Actual Total Time"": 8.57, ""Actual Rows"": 16667, ""Actual Loops"": 3, ""Hash Buckets"": 65536, ""Original Hash Buckets"": 65536, ""Hash Batches"": 1, ""Original Hash Batches"": 1, ""Peak Memory Usage"": 2496, ""Workers"": [], ""Plans"": [{""Node Type"": ""Index Only Scan"", ""Parent Relationship"": ""Outer"", ""Parallel Aware"": true, ""Scan Direction"": ""Forward"", ""Index Name"": ""subcategory_pkey"", ""Relation Name"": ""subcategory"", ""Alias"": ""subcategory"", ""Startup Cost"": 0.29, ""Total Cost"": 1100.41, ""Plan Rows"": 29412, ""Plan Width"": 8, ""Actual Startup Time"": 0.055, ""Actual Total Time"": 8.883, ""Actual Rows"": 50000, ""Actual Loops"": 1, ""Heap Fetches"": 0, ""Workers"": []}]}]}]}]}]}, ""Planning Time"": 2.204, ""Triggers"": [], ""Execution Time"": 74826.918}]",2,"['order_details', 'product', 'subcategory', 'order', 'deliverer']",2,70481.14,3836.0843822511206
3,3,"EXPLAIN (ANALYZE, FORMAT JSON)
SELECT count(*) FROM category as category
JOIN subcategory as subcategory
ON subcategory.category_id = category.id
JOIN product as product
ON product.subcategory_id = subcategory.id
JOIN order_details as order_details
ON order_details.product_id = product.id
JOIN ""order"" as ""order""
ON ""order"".id = order_details.order_id
JOIN customer as customer
ON customer.id = ""order"".customer_id
JOIN discount as discount
ON discount.id = ""order"".discount_id;",100527.49699999999,"[{""Plan"": {""Node Type"": ""Aggregate"", ""Strategy"": ""Plain"", ""Partial Mode"": ""Finalize"", ""Parallel Aware"": false, ""Startup Cost"": 2424928.42, ""Total Cost"": 2424928.43, ""Plan Rows"": 1, ""Plan Width"": 8, ""Actual Startup Time"": 97074.076, ""Actual Total Time"": 100527.497, ""Actual Rows"": 1, ""Actual Loops"": 1, ""Plans"": [{""Node Type"": ""Gather"", ""Parent Relationship"": ""Outer"", ""Parallel Aware"": false, ""Startup Cost"": 2424928.2, ""Total Cost"": 2424928.41, ""Plan Rows"": 2, ""Plan Width"": 8, ""Actual Startup Time"": 97070.306, ""Actual Total Time"": 100527.483, ""Actual Rows"": 3, ""Actual Loops"": 1, ""Workers Planned"": 2, ""Workers Launched"": 2, ""Single Copy"": false, ""Plans"": [{""Node Type"": ""Aggregate"", ""Strategy"": ""Plain"", ""Partial Mode"": ""Partial"", ""Parent Relationship"": ""Outer"", ""Parallel Aware"": false, ""Startup Cost"": 2423928.2, ""Total Cost"": 2423928.21, ""Plan Rows"": 1, ""Plan Width"": 8, ""Actual Startup Time"": 97012.711, ""Actual Total Time"": 97012.904, ""Actual Rows"": 1, ""Actual Loops"": 3, ""Workers"": [], ""Plans"": [{""Node Type"": ""Hash Join"", ""Parent Relationship"": ""Outer"", ""Parallel Aware"": true, ""Join Type"": ""Inner"", ""Startup Cost"": 523315.25, ""Total Cost"": 2361428.2, ""Plan Rows"": 25000000, ""Plan Width"": 0, ""Actual Startup Time"": 88246.114, ""Actual Total Time"": 95749.883, ""Actual Rows"": 20000000, ""Actual Loops"": 3, ""Inner Unique"": true, ""Hash Cond"": ""(\""order\"".customer_id = customer.id)"", ""Workers"": [], ""Plans"": [{""Node Type"": ""Hash Join"", ""Parent Relationship"": ""Outer"", ""Parallel Aware"": false, ""Join Type"": ""Inner"", ""Startup Cost"": 426634.25, ""Total Cost"": 1995669.15, ""Plan Rows"": 25000000, ""Plan Width"": 8, ""Actual Startup Time"": 60729.481, ""Actual Total Time"": 79264.609, ""Actual Rows"": 20000000, ""Actual Loops"": 3, ""Inner Unique"": true, ""Hash Cond"": ""(\""order\"".discount_id = discount.id)"", ""Workers"": [], ""Plans"": [{""Node Type"": ""Hash Join"", ""Parent Relationship"": ""Outer"", ""Parallel Aware"": true, ""Join Type"": ""Inner"", ""Startup Cost"": 426618.0, ""Total Cost"": 1929471.65, ""Plan Rows"": 25000000, ""Plan Width"": 16, ""Actual Startup Time"": 60728.322, ""Actual Total Time"": 73598.337, ""Actual Rows"": 20000000, ""Actual Loops"": 3, ""Inner Unique"": true, ""Hash Cond"": ""(order_details.order_id = \""order\"".id)"", ""Workers"": [], ""Plans"": [{""Node Type"": ""Hash Join"", ""Parent Relationship"": ""Outer"", ""Parallel Aware"": false, ""Join Type"": ""Inner"", ""Startup Cost"": 23622.0, ""Total Cost"": 1216707.65, ""Plan Rows"": 25000000, ""Plan Width"": 8, ""Actual Startup Time"": 13030.969, ""Actual Total Time"": 43166.848, ""Actual Rows"": 20000000, ""Actual Loops"": 3, ""Inner Unique"": true, ""Hash Cond"": ""(subcategory.category_id = category.id)"", ""Workers"": [], ""Plans"": [{""Node Type"": ""Hash Join"", ""Parent Relationship"": ""Outer"", ""Parallel Aware"": false, ""Join Type"": ""Inner"", ""Startup Cost"": 23313.0, ""Total Cost"": 1150745.83, ""Plan Rows"": 25000000, ""Plan Width"": 16, ""Actual Startup Time"": 13023.793, ""Actual Total Time"": 36069.521, ""Actual Rows"": 20000000, ""Actual Loops"": 3, ""Inner Unique"": true, ""Hash Cond"": ""(product.subcategory_id = subcategory.id)"", ""Workers"": [], ""Plans"": [{""Node Type"": ""Hash Join"", ""Parent Relationship"": ""Outer"", ""Parallel Aware"": true, ""Join Type"": ""Inner"", ""Startup Cost"": 21720.0, ""Total Cost"": 1083522.27, ""Plan Rows"": 25000000, ""Plan Width"": 16, ""Actual Startup Time"": 12985.263, ""Actual Total Time"": 26246.174, ""Actual Rows"": 20000000, ""Actual Loops"": 3, ""Inner Unique"": true, ""Hash Cond"": ""(order_details.product_id = product.id)"", ""Workers"": [], ""Plans"": [{""Node Type"": ""Seq Scan"", ""Parent Relationship"": ""Outer"", ""Parallel Aware"": true, ""Relation Name"": ""order_details"", ""Alias"": ""order_details"", ""Startup Cost"": 0.0, ""Total Cost"": 750000.0, ""Plan Rows"": 25000000, ""Plan Width"": 16, ""Actual Startup Time"": 0.834, ""Actual Total Time"": 6389.603, ""Actual Rows"": 20000000, ""Actual Loops"": 3, ""Workers"": []}, {""Node Type"": ""Hash"", ""Parent Relationship"": ""Inner"", ""Parallel Aware"": true, ""Startup Cost"": 14476.67, ""Total Cost"": 14476.67, ""Plan Rows"": 416667, ""Plan Width"": 16, ""Actual Startup Time"": 281.665, ""Actual Total Time"": 281.667, ""Actual Rows"": 333333, ""Actual Loops"": 3, ""Hash Buckets"": 131072, ""Original Hash Buckets"": 131072, ""Hash Batches"": 16, ""Original Hash Batches"": 16, ""Peak Memory Usage"": 4000, ""Workers"": [], ""Plans"": [{""Node Type"": ""Seq Scan"", ""Parent Relationship"": ""Outer"", ""Parallel Aware"": true, ""Relation Name"": ""product"", ""Alias"": ""product"", ""Startup Cost"": 0.0, ""Total Cost"": 14476.67, ""Plan Rows"": 416667, ""Plan Width"": 16, ""Actual Startup Time"": 1.29, ""Actual Total Time"": 141.767, ""Actual Rows"": 333333, ""Actual Loops"": 3, ""Workers"": []}]}]}, {""Node Type"": ""Hash"", ""Parent Relationship"": ""Inner"", ""Parallel Aware"": false, ""Startup Cost"": 968.0, ""Total Cost"": 968.0, ""Plan Rows"": 50000, ""Plan Width"": 16, ""Actual Startup Time"": 37.97, ""Actual Total Time"": 37.971, ""Actual Rows"": 50000, ""Actual Loops"": 3, ""Hash Buckets"": 65536, ""Original Hash Buckets"": 65536, ""Hash Batches"": 1, ""Original Hash Batches"": 1, ""Peak Memory Usage"": 2856, ""Workers"": [], ""Plans"": [{""Node Type"": ""Seq Scan"", ""Parent Relationship"": ""Outer"", ""Parallel Aware"": false, ""Relation Name"": ""subcategory"", ""Alias"": ""subcategory"", ""Startup Cost"": 0.0, ""Total Cost"": 968.0, ""Plan Rows"": 50000, ""Plan Width"": 16, ""Actual Startup Time"": 0.896, ""Actual Total Time"": 18.303, ""Actual Rows"": 50000, ""Actual Loops"": 3, ""Workers"": []}]}]}, {""Node Type"": ""Hash"", ""Parent Relationship"": ""Inner"", ""Parallel Aware"": false, ""Startup Cost"": 184.0, ""Total Cost"": 184.0, ""Plan Rows"": 10000, ""Plan Width"": 8, ""Actual Startup Time"": 6.986, ""Actual Total Time"": 6.986, ""Actual Rows"": 10000, ""Actual Loops"": 3, ""Hash Buckets"": 16384, ""Original Hash Buckets"": 16384, ""Hash Batches"": 1, ""Original Hash Batches"": 1, ""Peak Memory Usage"": 519, ""Workers"": [], ""Plans"": [{""Node Type"": ""Seq Scan"", ""Parent Relationship"": ""Outer"", ""Parallel Aware"": false, ""Relation Name"": ""category"", ""Alias"": ""category"", ""Startup Cost"": 0.0, ""Total Cost"": 184.0, ""Plan Rows"": 10000, ""Plan Width"": 8, ""Actual Startup Time"": 0.861, ""Actual Total Time"": 3.755, ""Actual Rows"": 10000, ""Actual Loops"": 3, ""Workers"": []}]}]}, {""Node Type"": ""Hash"", ""Parent Relationship"": ""Inner"", ""Parallel Aware"": true, ""Startup Cost"": 250000.33, ""Total Cost"": 250000.33, ""Plan Rows"": 8333333, ""Plan Width"": 24, ""Actual Startup Time"": 7132.975, ""Actual Total Time"": 7132.98, ""Actual Rows"": 6666667, ""Actual Loops"": 3, ""Hash Buckets"": 65536, ""Original Hash Buckets"": 65536, ""Hash Batches"": 512, ""Original Hash Batches"": 512, ""Peak Memory Usage"": 2688, ""Workers"": [], ""Plans"": [{""Node Type"": ""Seq Scan"", ""Parent Relationship"": ""Outer"", ""Parallel Aware"": true, ""Relation Name"": ""order"", ""Alias"": ""order"", ""Startup Cost"": 0.0, ""Total Cost"": 250000.33, ""Plan Rows"": 8333333, ""Plan Width"": 24, ""Actual Startup Time"": 0.946, ""Actual Total Time"": 2709.139, ""Actual Rows"": 6666667, ""Actual Loops"": 3, ""Workers"": []}]}]}, {""Node Type"": ""Hash"", ""Parent Relationship"": ""Inner"", ""Parallel Aware"": false, ""Startup Cost"": 10.0, ""Total Cost"": 10.0, ""Plan Rows"": 500, ""Plan Width"": 8, ""Actual Startup Time"": 1.08, ""Actual Total Time"": 1.081, ""Actual Rows"": 500, ""Actual Loops"": 3, ""Hash Buckets"": 1024, ""Original Hash Buckets"": 1024, ""Hash Batches"": 1, ""Original Hash Batches"": 1, ""Peak Memory Usage"": 28, ""Workers"": [], ""Plans"": [{""Node Type"": ""Seq Scan"", ""Parent Relationship"": ""Outer"", ""Parallel Aware"": false, ""Relation Name"": ""discount"", ""Alias"": ""discount"", ""Startup Cost"": 0.0, ""Total Cost"": 10.0, ""Plan Rows"": 500, ""Plan Width"": 8, ""Actual Startup Time"": 0.844, ""Actual Total Time"": 0.961, ""Actual Rows"": 500, ""Actual Loops"": 3, ""Workers"": []}]}]}, {""Node Type"": ""Hash"", ""Parent Relationship"": ""Inner"", ""Parallel Aware"": true, ""Startup Cost"": 62500.33, ""Total Cost"": 62500.33, ""Plan Rows"": 2083333, ""Plan Width"": 8, ""Actual Startup Time"": 1692.412, ""Actual Total Time"": 1692.415, ""Actual Rows"": 1666667, ""Actual Loops"": 3, ""Hash Buckets"": 131072, ""Original Hash Buckets"": 131072, ""Hash Batches"": 128, ""Original Hash Batches"": 128, ""Peak Memory Usage"": 2592, ""Workers"": [], ""Plans"": [{""Node Type"": ""Seq Scan"", ""Parent Relationship"": ""Outer"", ""Parallel Aware"": true, ""Relation Name"": ""customer"", ""Alias"": ""customer"", ""Startup Cost"": 0.0, ""Total Cost"": 62500.33, ""Plan Rows"": 2083333, ""Plan Width"": 8, ""Actual Startup Time"": 0.634, ""Actual Total Time"": 677.855, ""Actual Rows"": 1666667, ""Actual Loops"": 3, ""Workers"": []}]}]}]}]}]}, ""Planning Time"": 2.77, ""Triggers"": [], ""Execution Time"": 100530.227}]",3,"['category', 'order_details', 'product', 'subcategory', 'customer', 'order', 'discount']",3,98734.457,1683.9391252135563
4,4,"EXPLAIN (ANALYZE, FORMAT JSON)
SELECT count(*) FROM category as category
JOIN subcategory as subcategory
ON subcategory.category_id = category.id
JOIN product as product
ON product.subcategory_id = subcategory.id
JOIN order_details as order_details
ON order_details.product_id = product.id
JOIN ""order"" as ""order""
ON ""order"".id = order_details.order_id
JOIN customer as customer
ON customer.id = ""order"".customer_id
JOIN deliverer as deliverer
ON deliverer.id = ""order"".deliverer_id
JOIN discount as discount
ON discount.id = ""order"".discount_id;",115320.99,"[{""Plan"": {""Node Type"": ""Aggregate"", ""Strategy"": ""Plain"", ""Partial Mode"": ""Finalize"", ""Parallel Aware"": false, ""Startup Cost"": 2576361.76, ""Total Cost"": 2576361.77, ""Plan Rows"": 1, ""Plan Width"": 8, ""Actual Startup Time"": 111733.832, ""Actual Total Time"": 115320.99, ""Actual Rows"": 1, ""Actual Loops"": 1, ""Plans"": [{""Node Type"": ""Gather"", ""Parent Relationship"": ""Outer"", ""Parallel Aware"": false, ""Startup Cost"": 2576361.54, ""Total Cost"": 2576361.75, ""Plan Rows"": 2, ""Plan Width"": 8, ""Actual Startup Time"": 111727.643, ""Actual Total Time"": 115320.973, ""Actual Rows"": 3, ""Actual Loops"": 1, ""Workers Planned"": 2, ""Workers Launched"": 2, ""Single Copy"": false, ""Plans"": [{""Node Type"": ""Aggregate"", ""Strategy"": ""Plain"", ""Partial Mode"": ""Partial"", ""Parent Relationship"": ""Outer"", ""Parallel Aware"": false, ""Startup Cost"": 2575361.54, ""Total Cost"": 2575361.55, ""Plan Rows"": 1, ""Plan Width"": 8, ""Actual Startup Time"": 111661.026, ""Actual Total Time"": 111661.24, ""Actual Rows"": 1, ""Actual Loops"": 3, ""Workers"": [], ""Plans"": [{""Node Type"": ""Hash Join"", ""Parent Relationship"": ""Outer"", ""Parallel Aware"": true, ""Join Type"": ""Inner"", ""Startup Cost"": 531454.34, ""Total Cost"": 2512861.54, ""Plan Rows"": 25000000, ""Plan Width"": 0, ""Actual Startup Time"": 101883.953, ""Actual Total Time"": 110293.841, ""Actual Rows"": 20000000, ""Actual Loops"": 3, ""Inner Unique"": true, ""Hash Cond"": ""(\""order\"".customer_id = customer.id)"", ""Workers"": [], ""Plans"": [{""Node Type"": ""Hash Join"", ""Parent Relationship"": ""Outer"", ""Parallel Aware"": false, ""Join Type"": ""Inner"", ""Startup Cost"": 434773.34, ""Total Cost"": 2147102.49, ""Plan Rows"": 25000000, ""Plan Width"": 8, ""Actual Startup Time"": 65071.875, ""Actual Total Time"": 92115.066, ""Actual Rows"": 20000000, ""Actual Loops"": 3, ""Inner Unique"": true, ""Hash Cond"": ""(\""order\"".discount_id = discount.id)"", ""Workers"": [], ""Plans"": [{""Node Type"": ""Hash Join"", ""Parent Relationship"": ""Outer"", ""Parallel Aware"": false, ""Join Type"": ""Inner"", ""Startup Cost"": 434757.09, ""Total Cost"": 2080904.99, ""Plan Rows"": 25000000, ""Plan Width"": 16, ""Actual Startup Time"": 65070.608, ""Actual Total Time"": 86090.405, ""Actual Rows"": 20000000, ""Actual Loops"": 3, ""Inner Unique"": true, ""Hash Cond"": ""(\""order\"".deliverer_id = deliverer.id)"", ""Workers"": [], ""Plans"": [{""Node Type"": ""Hash Join"", ""Parent Relationship"": ""Outer"", ""Parallel Aware"": true, ""Join Type"": ""Inner"", ""Startup Cost"": 434756.0, ""Total Cost"": 1945747.65, ""Plan Rows"": 25000000, ""Plan Width"": 24, ""Actual Startup Time"": 65069.975, ""Actual Total Time"": 80549.477, ""Actual Rows"": 20000000, ""Actual Loops"": 3, ""Inner Unique"": true, ""Hash Cond"": ""(order_details.order_id = \""order\"".id)"", ""Workers"": [], ""Plans"": [{""Node Type"": ""Hash Join"", ""Parent Relationship"": ""Outer"", ""Parallel Aware"": false, ""Join Type"": ""Inner"", ""Startup Cost"": 23622.0, ""Total Cost"": 1216707.65, ""Plan Rows"": 25000000, ""Plan Width"": 8, ""Actual Startup Time"": 14156.876, ""Actual Total Time"": 46339.697, ""Actual Rows"": 20000000, ""Actual Loops"": 3, ""Inner Unique"": true, ""Hash Cond"": ""(subcategory.category_id = category.id)"", ""Workers"": [], ""Plans"": [{""Node Type"": ""Hash Join"", ""Parent Relationship"": ""Outer"", ""Parallel Aware"": false, ""Join Type"": ""Inner"", ""Startup Cost"": 23313.0, ""Total Cost"": 1150745.83, ""Plan Rows"": 25000000, ""Plan Width"": 16, ""Actual Startup Time"": 14151.722, ""Actual Total Time"": 38757.595, ""Actual Rows"": 20000000, ""Actual Loops"": 3, ""Inner Unique"": true, ""Hash Cond"": ""(product.subcategory_id = subcategory.id)"", ""Workers"": [], ""Plans"": [{""Node Type"": ""Hash Join"", ""Parent Relationship"": ""Outer"", ""Parallel Aware"": true, ""Join Type"": ""Inner"", ""Startup Cost"": 21720.0, ""Total Cost"": 1083522.27, ""Plan Rows"": 25000000, ""Plan Width"": 16, ""Actual Startup Time"": 14126.266, ""Actual Total Time"": 28204.522, ""Actual Rows"": 20000000, ""Actual Loops"": 3, ""Inner Unique"": true, ""Hash Cond"": ""(order_details.product_id = product.id)"", ""Workers"": [], ""Plans"": [{""Node Type"": ""Seq Scan"", ""Parent Relationship"": ""Outer"", ""Parallel Aware"": true, ""Relation Name"": ""order_details"", ""Alias"": ""order_details"", ""Startup Cost"": 0.0, ""Total Cost"": 750000.0, ""Plan Rows"": 25000000, ""Plan Width"": 16, ""Actual Startup Time"": 0.93, ""Actual Total Time"": 7044.852, ""Actual Rows"": 20000000, ""Actual Loops"": 3, ""Workers"": []}, {""Node Type"": ""Hash"", ""Parent Relationship"": ""Inner"", ""Parallel Aware"": true, ""Startup Cost"": 14476.67, ""Total Cost"": 14476.67, ""Plan Rows"": 416667, ""Plan Width"": 16, ""Actual Startup Time"": 309.232, ""Actual Total Time"": 309.237, ""Actual Rows"": 333333, ""Actual Loops"": 3, ""Hash Buckets"": 131072, ""Original Hash Buckets"": 131072, ""Hash Batches"": 16, ""Original Hash Batches"": 16, ""Peak Memory Usage"": 4032, ""Workers"": [], ""Plans"": [{""Node Type"": ""Seq Scan"", ""Parent Relationship"": ""Outer"", ""Parallel Aware"": true, ""Relation Name"": ""product"", ""Alias"": ""product"", ""Startup Cost"": 0.0, ""Total Cost"": 14476.67, ""Plan Rows"": 416667, ""Plan Width"": 16, ""Actual Startup Time"": 1.18, ""Actual Total Time"": 149.822, ""Actual Rows"": 333333, ""Actual Loops"": 3, ""Workers"": []}]}]}, {""Node Type"": ""Hash"", ""Parent Relationship"": ""Inner"", ""Parallel Aware"": false, ""Startup Cost"": 968.0, ""Total Cost"": 968.0, ""Plan Rows"": 50000, ""Plan Width"": 16, ""Actual Startup Time"": 25.002, ""Actual Total Time"": 25.004, ""Actual Rows"": 50000, ""Actual Loops"": 3, ""Hash Buckets"": 65536, ""Original Hash Buckets"": 65536, ""Hash Batches"": 1, ""Original Hash Batches"": 1, ""Peak Memory Usage"": 2856, ""Workers"": [], ""Plans"": [{""Node Type"": ""Seq Scan"", ""Parent Relationship"": ""Outer"", ""Parallel Aware"": false, ""Relation Name"": ""subcategory"", ""Alias"": ""subcategory"", ""Startup Cost"": 0.0, ""Total Cost"": 968.0, ""Plan Rows"": 50000, ""Plan Width"": 16, ""Actual Startup Time"": 0.582, ""Actual Total Time"": 13.287, ""Actual Rows"": 50000, ""Actual Loops"": 3, ""Workers"": []}]}]}, {""Node Type"": ""Hash"", ""Parent Relationship"": ""Inner"", ""Parallel Aware"": false, ""Startup Cost"": 184.0, ""Total Cost"": 184.0, ""Plan Rows"": 10000, ""Plan Width"": 8, ""Actual Startup Time"": 4.975, ""Actual Total Time"": 4.979, ""Actual Rows"": 10000, ""Actual Loops"": 3, ""Hash Buckets"": 16384, ""Original Hash Buckets"": 16384, ""Hash Batches"": 1, ""Original Hash Batches"": 1, ""Peak Memory Usage"": 519, ""Workers"": [], ""Plans"": [{""Node Type"": ""Seq Scan"", ""Parent Relationship"": ""Outer"", ""Parallel Aware"": false, ""Relation Name"": ""category"", ""Alias"": ""category"", ""Startup Cost"": 0.0, ""Total Cost"": 184.0, ""Plan Rows"": 10000, ""Plan Width"": 8, ""Actual Startup Time"": 0.679, ""Actual Total Time"": 2.641, ""Actual Rows"": 10000, ""Actual Loops"": 3, ""Workers"": []}]}]}, {""Node Type"": ""Hash"", ""Parent Relationship"": ""Inner"", ""Parallel Aware"": true, ""Startup Cost"": 250000.33, ""Total Cost"": 250000.33, ""Plan Rows"": 8333333, ""Plan Width"": 32, ""Actual Startup Time"": 8029.651, ""Actual Total Time"": 8029.652, ""Actual Rows"": 6666667, ""Actual Loops"": 3, ""Hash Buckets"": 65536, ""Original Hash Buckets"": 65536, ""Hash Batches"": 512, ""Original Hash Batches"": 512, ""Peak Memory Usage"": 3008, ""Workers"": [], ""Plans"": [{""Node Type"": ""Seq Scan"", ""Parent Relationship"": ""Outer"", ""Parallel Aware"": true, ""Relation Name"": ""order"", ""Alias"": ""order"", ""Startup Cost"": 0.0, ""Total Cost"": 250000.33, ""Plan Rows"": 8333333, ""Plan Width"": 32, ""Actual Startup Time"": 0.636, ""Actual Total Time"": 3097.372, ""Actual Rows"": 6666667, ""Actual Loops"": 3, ""Workers"": []}]}]}, {""Node Type"": ""Hash"", ""Parent Relationship"": ""Inner"", ""Parallel Aware"": false, ""Startup Cost"": 1.04, ""Total Cost"": 1.04, ""Plan Rows"": 4, ""Plan Width"": 8, ""Actual Startup Time"": 0.596, ""Actual Total Time"": 0.601, ""Actual Rows"": 4, ""Actual Loops"": 3, ""Hash Buckets"": 1024, ""Original Hash Buckets"": 1024, ""Hash Batches"": 1, ""Original Hash Batches"": 1, ""Peak Memory Usage"": 9, ""Workers"": [], ""Plans"": [{""Node Type"": ""Seq Scan"", ""Parent Relationship"": ""Outer"", ""Parallel Aware"": false, ""Relation Name"": ""deliverer"", ""Alias"": ""deliverer"", ""Startup Cost"": 0.0, ""Total Cost"": 1.04, ""Plan Rows"": 4, ""Plan Width"": 8, ""Actual Startup Time"": 0.58, ""Actual Total Time"": 0.582, ""Actual Rows"": 4, ""Actual Loops"": 3, ""Workers"": []}]}]}, {""Node Type"": ""Hash"", ""Parent Relationship"": ""Inner"", ""Parallel Aware"": false, ""Startup Cost"": 10.0, ""Total Cost"": 10.0, ""Plan Rows"": 500, ""Plan Width"": 8, ""Actual Startup Time"": 1.208, ""Actual Total Time"": 1.209, ""Actual Rows"": 500, ""Actual Loops"": 3, ""Hash Buckets"": 1024, ""Original Hash Buckets"": 1024, ""Hash Batches"": 1, ""Original Hash Batches"": 1, ""Peak Memory Usage"": 28, ""Workers"": [], ""Plans"": [{""Node Type"": ""Seq Scan"", ""Parent Relationship"": ""Outer"", ""Parallel Aware"": false, ""Relation Name"": ""discount"", ""Alias"": ""discount"", ""Startup Cost"": 0.0, ""Total Cost"": 10.0, ""Plan Rows"": 500, ""Plan Width"": 8, ""Actual Startup Time"": 0.952, ""Actual Total Time"": 1.08, ""Actual Rows"": 500, ""Actual Loops"": 3, ""Workers"": []}]}]}, {""Node Type"": ""Hash"", ""Parent Relationship"": ""Inner"", ""Parallel Aware"": true, ""Startup Cost"": 62500.33, ""Total Cost"": 62500.33, ""Plan Rows"": 2083333, ""Plan Width"": 8, ""Actual Startup Time"": 1798.04, ""Actual Total Time"": 1798.04, ""Actual Rows"": 1666667, ""Actual Loops"": 3, ""Hash Buckets"": 131072, ""Original Hash Buckets"": 131072, ""Hash Batches"": 128, ""Original Hash Batches"": 128, ""Peak Memory Usage"": 2624, ""Workers"": [], ""Plans"": [{""Node Type"": ""Seq Scan"", ""Parent Relationship"": ""Outer"", ""Parallel Aware"": true, ""Relation Name"": ""customer"", ""Alias"": ""customer"", ""Startup Cost"": 0.0, ""Total Cost"": 62500.33, ""Plan Rows"": 2083333, ""Plan Width"": 8, ""Actual Startup Time"": 0.729, ""Actual Total Time"": 579.017, ""Actual Rows"": 1666667, ""Actual Loops"": 3, ""Workers"": []}]}]}]}]}]}, ""Planning Time"": 4.0, ""Triggers"": [], ""Execution Time"": 115322.449}]",4,"['category', 'order_details', 'product', 'subcategory', 'customer', 'order', 'deliverer', 'discount']",4,105167.19066666666,8800.461464698394
5,5,"EXPLAIN (ANALYZE, FORMAT JSON)
SELECT count(*) FROM customer as customer
JOIN ""order"" as ""order""
ON ""order"".customer_id = customer.id
JOIN discount as discount
ON discount.id = ""order"".discount_id;",12374.371000000001,"[{""Plan"": {""Node Type"": ""Aggregate"", ""Strategy"": ""Plain"", ""Partial Mode"": ""Finalize"", ""Parallel Aware"": false, ""Startup Cost"": 485711.57, ""Total Cost"": 485711.58, ""Plan Rows"": 1, ""Plan Width"": 8, ""Actual Startup Time"": 11821.287, ""Actual Total Time"": 12374.371, ""Actual Rows"": 1, ""Actual Loops"": 1, ""Plans"": [{""Node Type"": ""Gather"", ""Parent Relationship"": ""Outer"", ""Parallel Aware"": false, ""Startup Cost"": 485711.35, ""Total Cost"": 485711.56, ""Plan Rows"": 2, ""Plan Width"": 8, ""Actual Startup Time"": 11818.5, ""Actual Total Time"": 12374.356, ""Actual Rows"": 3, ""Actual Loops"": 1, ""Workers Planned"": 2, ""Workers Launched"": 2, ""Single Copy"": false, ""Plans"": [{""Node Type"": ""Aggregate"", ""Strategy"": ""Plain"", ""Partial Mode"": ""Partial"", ""Parent Relationship"": ""Outer"", ""Parallel Aware"": false, ""Startup Cost"": 484711.35, ""Total Cost"": 484711.36, ""Plan Rows"": 1, ""Plan Width"": 8, ""Actual Startup Time"": 11768.345, ""Actual Total Time"": 11768.469, ""Actual Rows"": 1, ""Actual Loops"": 3, ""Workers"": [], ""Plans"": [{""Node Type"": ""Hash Join"", ""Parent Relationship"": ""Outer"", ""Parallel Aware"": true, ""Join Type"": ""Inner"", ""Startup Cost"": 96697.25, ""Total Cost"": 463878.02, ""Plan Rows"": 8333333, ""Plan Width"": 0, ""Actual Startup Time"": 8205.636, ""Actual Total Time"": 11346.668, ""Actual Rows"": 6666667, ""Actual Loops"": 3, ""Inner Unique"": true, ""Hash Cond"": ""(\""order\"".customer_id = customer.id)"", ""Workers"": [], ""Plans"": [{""Node Type"": ""Hash Join"", ""Parent Relationship"": ""Outer"", ""Parallel Aware"": false, ""Join Type"": ""Inner"", ""Startup Cost"": 16.25, ""Total Cost"": 272077.0, ""Plan Rows"": 8333333, ""Plan Width"": 8, ""Actual Startup Time"": 1.839, ""Actual Total Time"": 3978.938, ""Actual Rows"": 6666667, ""Actual Loops"": 3, ""Inner Unique"": true, ""Hash Cond"": ""(\""order\"".discount_id = discount.id)"", ""Workers"": [], ""Plans"": [{""Node Type"": ""Seq Scan"", ""Parent Relationship"": ""Outer"", ""Parallel Aware"": true, ""Relation Name"": ""order"", ""Alias"": ""order"", ""Startup Cost"": 0.0, ""Total Cost"": 250000.33, ""Plan Rows"": 8333333, ""Plan Width"": 16, ""Actual Startup Time"": 0.936, ""Actual Total Time"": 1800.6, ""Actual Rows"": 6666667, ""Actual Loops"": 3, ""Workers"": []}, {""Node Type"": ""Hash"", ""Parent Relationship"": ""Inner"", ""Parallel Aware"": false, ""Startup Cost"": 10.0, ""Total Cost"": 10.0, ""Plan Rows"": 500, ""Plan Width"": 8, ""Actual Startup Time"": 0.849, ""Actual Total Time"": 0.851, ""Actual Rows"": 500, ""Actual Loops"": 3, ""Hash Buckets"": 1024, ""Original Hash Buckets"": 1024, ""Hash Batches"": 1, ""Original Hash Batches"": 1, ""Peak Memory Usage"": 28, ""Workers"": [], ""Plans"": [{""Node Type"": ""Seq Scan"", ""Parent Relationship"": ""Outer"", ""Parallel Aware"": false, ""Relation Name"": ""discount"", ""Alias"": ""discount"", ""Startup Cost"": 0.0, ""Total Cost"": 10.0, ""Plan Rows"": 500, ""Plan Width"": 8, ""Actual Startup Time"": 0.589, ""Actual Total Time"": 0.711, ""Actual Rows"": 500, ""Actual Loops"": 3, ""Workers"": []}]}]}, {""Node Type"": ""Hash"", ""Parent Relationship"": ""Inner"", ""Parallel Aware"": true, ""Startup Cost"": 62500.33, ""Total Cost"": 62500.33, ""Plan Rows"": 2083333, ""Plan Width"": 8, ""Actual Startup Time"": 1867.516, ""Actual Total Time"": 1867.517, ""Actual Rows"": 1666667, ""Actual Loops"": 3, ""Hash Buckets"": 131072, ""Original Hash Buckets"": 131072, ""Hash Batches"": 128, ""Original Hash Batches"": 128, ""Peak Memory Usage"": 2624, ""Workers"": [], ""Plans"": [{""Node Type"": ""Seq Scan"", ""Parent Relationship"": ""Outer"", ""Parallel Aware"": true, ""Relation Name"": ""customer"", ""Alias"": ""customer"", ""Startup Cost"": 0.0, ""Total Cost"": 62500.33, ""Plan Rows"": 2083333, ""Plan Width"": 8, ""Actual Startup Time"": 0.687, ""Actual Total Time"": 532.672, ""Actual Rows"": 1666667, ""Actual Loops"": 3, ""Workers"": []}]}]}]}]}]}, ""Planning Time"": 0.757, ""Triggers"": [], ""Execution Time"": 12374.874}]",5,"['customer', 'order', 'discount']",5,11889.532666666668,577.6823325966741
6,6,"EXPLAIN (ANALYZE, FORMAT JSON)
SELECT count(*) FROM order_details as order_details
JOIN ""order"" as ""order""
ON ""order"".id = order_details.order_id
JOIN deliverer as deliverer
ON deliverer.id = ""order"".deliverer_id
JOIN discount as discount
ON discount.id = ""order"".discount_id
JOIN product as product
ON product.id = order_details.product_id;",66384.003,"[{""Plan"": {""Node Type"": ""Aggregate"", ""Strategy"": ""Plain"", ""Partial Mode"": ""Finalize"", ""Parallel Aware"": false, ""Startup Cost"": 2060327.33, ""Total Cost"": 2060327.34, ""Plan Rows"": 1, ""Plan Width"": 8, ""Actual Startup Time"": 63413.251, ""Actual Total Time"": 66384.003, ""Actual Rows"": 1, ""Actual Loops"": 1, ""Plans"": [{""Node Type"": ""Gather"", ""Parent Relationship"": ""Outer"", ""Parallel Aware"": false, ""Startup Cost"": 2060327.12, ""Total Cost"": 2060327.33, ""Plan Rows"": 2, ""Plan Width"": 8, ""Actual Startup Time"": 63410.452, ""Actual Total Time"": 66383.98, ""Actual Rows"": 3, ""Actual Loops"": 1, ""Workers Planned"": 2, ""Workers Launched"": 2, ""Single Copy"": false, ""Plans"": [{""Node Type"": ""Aggregate"", ""Strategy"": ""Plain"", ""Partial Mode"": ""Partial"", ""Parent Relationship"": ""Outer"", ""Parallel Aware"": false, ""Startup Cost"": 2059327.12, ""Total Cost"": 2059327.13, ""Plan Rows"": 1, ""Plan Width"": 8, ""Actual Startup Time"": 63355.799, ""Actual Total Time"": 63356.08, ""Actual Rows"": 1, ""Actual Loops"": 3, ""Workers"": [], ""Plans"": [{""Node Type"": ""Hash Join"", ""Parent Relationship"": ""Outer"", ""Parallel Aware"": true, ""Join Type"": ""Inner"", ""Startup Cost"": 424326.34, ""Total Cost"": 1996827.12, ""Plan Rows"": 25000000, ""Plan Width"": 0, ""Actual Startup Time"": 53830.303, ""Actual Total Time"": 62086.645, ""Actual Rows"": 20000000, ""Actual Loops"": 3, ""Inner Unique"": true, ""Hash Cond"": ""(order_details.product_id = product.id)"", ""Workers"": [], ""Plans"": [{""Node Type"": ""Hash Join"", ""Parent Relationship"": ""Outer"", ""Parallel Aware"": false, ""Join Type"": ""Inner"", ""Startup Cost"": 403013.34, ""Total Cost"": 1712946.85, ""Plan Rows"": 25000000, ""Plan Width"": 8, ""Actual Startup Time"": 24416.166, ""Actual Total Time"": 48150.092, ""Actual Rows"": 20000000, ""Actual Loops"": 3, ""Inner Unique"": true, ""Hash Cond"": ""(\""order\"".discount_id = discount.id)"", ""Workers"": [], ""Plans"": [{""Node Type"": ""Hash Join"", ""Parent Relationship"": ""Outer"", ""Parallel Aware"": false, ""Join Type"": ""Inner"", ""Startup Cost"": 402997.09, ""Total Cost"": 1646749.35, ""Plan Rows"": 25000000, ""Plan Width"": 16, ""Actual Startup Time"": 24415.15, ""Actual Total Time"": 42944.668, ""Actual Rows"": 20000000, ""Actual Loops"": 3, ""Inner Unique"": true, ""Hash Cond"": ""(\""order\"".deliverer_id = deliverer.id)"", ""Workers"": [], ""Plans"": [{""Node Type"": ""Hash Join"", ""Parent Relationship"": ""Outer"", ""Parallel Aware"": true, ""Join Type"": ""Inner"", ""Startup Cost"": 402996.0, ""Total Cost"": 1511592.01, ""Plan Rows"": 25000000, ""Plan Width"": 24, ""Actual Startup Time"": 24414.476, ""Actual Total Time"": 37805.918, ""Actual Rows"": 20000000, ""Actual Loops"": 3, ""Inner Unique"": true, ""Hash Cond"": ""(order_details.order_id = \""order\"".id)"", ""Workers"": [], ""Plans"": [{""Node Type"": ""Seq Scan"", ""Parent Relationship"": ""Outer"", ""Parallel Aware"": true, ""Relation Name"": ""order_details"", ""Alias"": ""order_details"", ""Startup Cost"": 0.0, ""Total Cost"": 750000.0, ""Plan Rows"": 25000000, ""Plan Width"": 16, ""Actual Startup Time"": 0.751, ""Actual Total Time"": 7358.952, ""Actual Rows"": 20000000, ""Actual Loops"": 3, ""Workers"": []}, {""Node Type"": ""Hash"", ""Parent Relationship"": ""Inner"", ""Parallel Aware"": true, ""Startup Cost"": 250000.33, ""Total Cost"": 250000.33, ""Plan Rows"": 8333333, ""Plan Width"": 24, ""Actual Startup Time"": 7045.604, ""Actual Total Time"": 7045.606, ""Actual Rows"": 6666667, ""Actual Loops"": 3, ""Hash Buckets"": 65536, ""Original Hash Buckets"": 65536, ""Hash Batches"": 512, ""Original Hash Batches"": 512, ""Peak Memory Usage"": 2688, ""Workers"": [], ""Plans"": [{""Node Type"": ""Seq Scan"", ""Parent Relationship"": ""Outer"", ""Parallel Aware"": true, ""Relation Name"": ""order"", ""Alias"": ""order"", ""Startup Cost"": 0.0, ""Total Cost"": 250000.33, ""Plan Rows"": 8333333, ""Plan Width"": 24, ""Actual Startup Time"": 0.833, ""Actual Total Time"": 2665.557, ""Actual Rows"": 6666667, ""Actual Loops"": 3, ""Workers"": []}]}]}, {""Node Type"": ""Hash"", ""Parent Relationship"": ""Inner"", ""Parallel Aware"": false, ""Startup Cost"": 1.04, ""Total Cost"": 1.04, ""Plan Rows"": 4, ""Plan Width"": 8, ""Actual Startup Time"": 0.639, ""Actual Total Time"": 0.641, ""Actual Rows"": 4, ""Actual Loops"": 3, ""Hash Buckets"": 1024, ""Original Hash Buckets"": 1024, ""Hash Batches"": 1, ""Original Hash Batches"": 1, ""Peak Memory Usage"": 9, ""Workers"": [], ""Plans"": [{""Node Type"": ""Seq Scan"", ""Parent Relationship"": ""Outer"", ""Parallel Aware"": false, ""Relation Name"": ""deliverer"", ""Alias"": ""deliverer"", ""Startup Cost"": 0.0, ""Total Cost"": 1.04, ""Plan Rows"": 4, ""Plan Width"": 8, ""Actual Startup Time"": 0.629, ""Actual Total Time"": 0.631, ""Actual Rows"": 4, ""Actual Loops"": 3, ""Workers"": []}]}]}, {""Node Type"": ""Hash"", ""Parent Relationship"": ""Inner"", ""Parallel Aware"": false, ""Startup Cost"": 10.0, ""Total Cost"": 10.0, ""Plan Rows"": 500, ""Plan Width"": 8, ""Actual Startup Time"": 0.969, ""Actual Total Time"": 0.97, ""Actual Rows"": 500, ""Actual Loops"": 3, ""Hash Buckets"": 1024, ""Original Hash Buckets"": 1024, ""Hash Batches"": 1, ""Original Hash Batches"": 1, ""Peak Memory Usage"": 28, ""Workers"": [], ""Plans"": [{""Node Type"": ""Seq Scan"", ""Parent Relationship"": ""Outer"", ""Parallel Aware"": false, ""Relation Name"": ""discount"", ""Alias"": ""discount"", ""Startup Cost"": 0.0, ""Total Cost"": 10.0, ""Plan Rows"": 500, ""Plan Width"": 8, ""Actual Startup Time"": 0.773, ""Actual Total Time"": 0.865, ""Actual Rows"": 500, ""Actual Loops"": 3, ""Workers"": []}]}]}, {""Node Type"": ""Hash"", ""Parent Relationship"": ""Inner"", ""Parallel Aware"": true, ""Startup Cost"": 14476.67, ""Total Cost"": 14476.67, ""Plan Rows"": 416667, ""Plan Width"": 8, ""Actual Startup Time"": 212.848, ""Actual Total Time"": 212.849, ""Actual Rows"": 333333, ""Actual Loops"": 3, ""Hash Buckets"": 131072, ""Original Hash Buckets"": 131072, ""Hash Batches"": 16, ""Original Hash Batches"": 16, ""Peak Memory Usage"": 3552, ""Workers"": [], ""Plans"": [{""Node Type"": ""Seq Scan"", ""Parent Relationship"": ""Outer"", ""Parallel Aware"": true, ""Relation Name"": ""product"", ""Alias"": ""product"", ""Startup Cost"": 0.0, ""Total Cost"": 14476.67, ""Plan Rows"": 416667, ""Plan Width"": 8, ""Actual Startup Time"": 0.774, ""Actual Total Time"": 99.518, ""Actual Rows"": 333333, ""Actual Loops"": 3, ""Workers"": []}]}]}]}]}]}, ""Planning Time"": 1.153, ""Triggers"": [], ""Execution Time"": 66384.531}]",6,"['order_details', 'product', 'order', 'deliverer', 'discount']",6,66272.452,1308.3400008380922
